日付,観測回,クエリ,関連ページ,AIO表示,nands.tech引用,Fragment ID引用,スクリーンショット,備考
2026-01-XX,Day 8,AIエージェント開発,/ai-agents,,,,aio-day8-q1.png,
2026-01-XX,Day 8,エンタープライズAI,/ai-agents,,,,aio-day8-q2.png,
2026-01-XX,Day 8,AI導入支援,/ai-agents,,,,aio-day8-q3.png,
2026-01-XX,Day 8,チャットボット開発,/chatbot-development,,,,aio-day8-q4.png,
2026-01-XX,Day 8,システム開発 東京,/system-development,,,,aio-day8-q5.png,
2026-01-XX,Day 8,FAQ,/faq,,,,aio-day8-q6.png,
2026-01-XX,Day 8,よくある質問 AI,/faq,,,,aio-day8-q7.png,
2026-01-XX,Day 8,企業情報,/corporate,,,,aio-day8-q8.png,
2026-01-XX,Day 8,[自社名] サービス,-,,,,aio-day8-q9.png,
2026-01-XX,Day 8,[自社名] 評判,-,,,,aio-day8-q10.png,










